pre,post,synapses,size_sum
ADAL,AIAL,1,313286
ADAL,AIBL,1,219514
ADAL,ASHL,4,462383
ADAL,AVAL,4,182107
ADAL,AVBL,12,1637025
ADAL,AVBR,5,435927
ADAL,AVDL,1,371050
ADAL,AVDR,3,282211
ADAL,AVHR,2,169552
ADAL,AVJR,2,364674
ADAL,PVCL,1,8168
ADAL,RIFL,3,89233
ADAL,RIML,10,959314
ADAL,URBL,1,19806
ADAL,URYDL,1,75350
ADAR,AIBL,2,69354
ADAR,AIBR,1,110947
ADAR,ASHR,2,151057
ADAR,AVAL,1,59971
ADAR,AVAR,6,974350
ADAR,AVBL,3,694813
ADAR,AVBR,9,2367967
ADAR,AVDL,2,20824
ADAR,AVDR,1,45448
ADAR,AVHL,1,50564
ADAR,AVJL,5,891050
ADAR,DVA,2,28341
ADAR,OLQVR,1,9058
ADAR,RIAR,2,320251
ADAR,RICL,1,51200
ADAR,RIFR,1,13779
ADAR,RIMR,4,155784
ADAR,SAAVR,1,231813
ADAR,SDQR,2,9430
ADEL,AVEL,1,44710
ADEL,AVFR,1,54490
ADEL,CEPDL,1,36991
ADEL,RMDL,3,748582
ADEL,RMER,2,259833
ADEL,RMHR,2,63139
ADEL,URBL,1,21056
ADER,ADEL,1,2953
ADER,AVAL,1,81364
ADER,AVAR,1,73490
ADER,FLPL,1,4593
ADER,RMDR,2,173574
ADER,RMEL,4,273053
ADER,RMHL,4,62974
ADFL,ADAL,2,7040
ADFL,AFDL,1,21718
ADFL,AIYL,1,170282
ADFL,AIZL,6,2691252
ADFL,ASHL,1,29582
ADFL,AVAR,3,131097
ADFL,AVHR,2,62489
ADFL,AVJL,1,44334
ADFL,AWBL,1,4709
ADFL,RIAL,6,1065026
ADFL,RIBL,1,13459
ADFL,RIFL,2,11836
ADFL,RIR,2,243125
ADFL,SIAVL,1,24173
ADFL,SMBVL,1,135878
ADFR,AFDR,3,146171
ADFR,AIMR,5,832829
ADFR,AIZR,11,1783367
ADFR,ASHR,3,140133
ADFR,AUAR,4,243972
ADFR,AVHL,5,242182
ADFR,AVJL,4,240840
ADFR,AVJR,1,30188
ADFR,AWBR,4,289686
ADFR,AWCL,1,56052
ADFR,RIAR,8,800668
ADFR,RIFR,1,31499
ADFR,RIMR,1,9982
ADFR,RIPR,1,30780
ADFR,RIR,2,69553
ADFR,SIBVR,1,11641
ADFR,SMBVR,5,215658
ADLL,ADAL,2,64567
ADLL,AIAL,7,1639054
ADLL,AIAR,1,446929
ADLL,AIBL,6,323818
ADLL,ASEL,2,18916
ADLL,ASHL,1,129032
ADLL,ASKL,5,190289
ADLL,AVAL,1,317065
ADLL,AVDL,2,210831
ADLL,AVDR,3,257105
ADLL,AVJL,2,265169
ADLL,AWCL,1,49539
ADLL,AWCR,1,28487
ADLR,ADAR,1,23533
ADLR,AIAR,5,1607014
ADLR,AIBR,11,762927
ADLR,ASER,5,106731
ADLR,ASHR,2,80839
ADLR,ASKR,2,103210
ADLR,AVAR,4,270865
ADLR,AVDL,5,524473
ADLR,AWAR,3,219088
ADLR,AWCR,4,229558
ADLR,SMBVR,2,218961
AFDL,ADFL,1,109181
AFDL,AIYL,10,7860901
AFDL,AIZL,1,17219
AFDL,ASEL,1,408307
AFDL,ASER,7,551947
AFDL,AUAL,1,38689
AFDL,AWAL,4,316092
AFDL,AWBL,1,162754
AFDL,CEPshVL,1,9311
AFDR,ADFR,3,59980
AFDR,AINL,1,41250
AFDR,AIYR,20,5560079
AFDR,AIZR,1,2790
AFDR,ASER,1,17435
AFDR,AUAR,1,2750
AFDR,AWAR,2,158290
AFDR,AWCL,2,32626
AIAL,ADAL,6,982184
AIAL,ADLL,1,31228
AIAL,AIBL,13,4725821
AIAL,AIML,1,123200
AIAL,AINL,1,104321
AIAL,AIZL,1,247962
AIAL,ASEL,1,123238
AIAL,ASKL,4,338700
AIAL,AWCL,1,54521
AIAL,AWCR,2,12873
AIAL,CEPshVL,1,38251
AIAL,RIFL,1,1204902
AIAR,ADAR,6,789537
AIAR,ADLR,3,220457
AIAR,AIBR,11,2796921
AIAR,ASER,2,70282
AIAR,ASGR,1,22161
AIAR,ASHR,1,17163
AIAR,ASKR,1,848
AIAR,AVDL,1,83338
AIAR,AWAR,1,140789
AIAR,AWCL,2,161356
AIAR,AWCR,5,1308332
AIAR,RIFR,3,1181621
AIBL,ADAR,1,43606
AIBL,AIZR,8,953815
AIBL,AUAL,2,76332
AIBL,AVAL,3,217873
AIBL,AVBL,8,3353037
AIBL,AVEL,2,259492
AIBL,AVER,3,409026
AIBL,BAGL,1,360795
AIBL,PVPR,1,55519
AIBL,PVT,1,40800
AIBL,RIBR,5,2872119
AIBL,RIGR,1,9779
AIBL,RIMR,20,3528099
AIBL,RIVL,1,1486
AIBL,SAADL,1,257201
AIBL,SAADR,1,48027
AIBL,SIADR,1,57240
AIBL,SMDDR,7,1492957
AIBL,SMDVR,1,90799
AIBR,AIBL,1,106977
AIBR,AIZL,6,413174
AIBR,AVAR,5,494006
AIBR,AVBR,8,1534480
AIBR,AVEL,1,468229
AIBR,AVER,2,284931
AIBR,AVKR,1,82071
AIBR,CEPshDL,2,202214
AIBR,DVA,3,216220
AIBR,PVPL,1,23503
AIBR,RIBL,4,2798400
AIBR,RIML,18,1670413
AIBR,RIMR,1,41661
AIBR,RIS,1,102679
AIBR,RMFL,2,77021
AIBR,SAADR,1,100318
AIBR,SAAVR,1,54607
AIBR,SDQL,2,167963
AIBR,SIADL,2,106329
AIBR,SMBDL,1,10126
AIBR,SMDDL,8,1621726
AIBR,SMDDR,1,185777
AIBR,SMDVL,3,118654
AIBR,URYDL,1,8918
AIML,AIAL,8,835205
AIML,AIBL,6,1047161
AIML,ALML,1,65457
AIML,ASEL,4,165032
AIML,ASGL,2,101386
AIML,ASHL,4,289833
AIML,ASKL,3,127615
AIML,AVDL,4,226915
AIML,AVDR,3,440169
AIML,AVEL,2,304929
AIML,AVFL,1,50161
AIML,AVFR,3,137787
AIML,AVJL,1,58550
AIML,AWCR,1,35511
AIML,IL1L,1,31324
AIML,RIFL,1,152599
AIML,URXL,1,117800
AIML,URYDL,1,5367
AIMR,AIAR,4,488874
AIMR,AIBR,4,468551
AIMR,ASHR,1,1930
AIMR,AVBR,1,189230
AIMR,AVDL,3,748976
AIMR,AVDR,3,490540
AIMR,AVER,1,315195
AIMR,AVFR,2,73264
AIMR,AVJR,2,393207
AIMR,RIFR,1,97631
AIMR,SIBDL,2,105752
AIMR,SMBDL,1,5087
AIMR,URBR,1,15363
AINL,AFDL,1,13389
AINL,AFDR,4,1142193
AINL,ASEL,1,130638
AINL,AUAR,1,220307
AINL,BAGL,7,1405212
AINL,CEPshVR,4,114033
AINL,RIBR,5,370217
AINL,RMFR,6,508011
AINR,ADFL,1,264
AINR,AFDL,8,704448
AINR,AUAL,5,426956
AINR,BAGL,1,306616
AINR,BAGR,7,2552244
AINR,CEPshVL,3,103338
AINR,RIBL,5,464673
AINR,RIBR,2,328314
AINR,RID,3,172270
AINR,RMFL,4,530480
AIYL,ADFL,1,32648
AIYL,AIYR,2,102003
AIYL,AIZL,13,3394634
AIYL,AIZR,2,315696
AIYL,ASER,3,82730
AIYL,AUAL,1,569435
AIYL,AWBL,3,91352
AIYL,AWCR,2,244036
AIYL,CEPshVL,1,1689
AIYL,DVA,1,39914
AIYL,RIAL,3,2767468
AIYL,RIAR,2,56573
AIYL,RIBL,8,2030620
AIYR,ADFR,2,64509
AIYR,AFDR,1,10220
AIYR,AIYL,1,29142
AIYR,AIZL,2,283123
AIYR,AIZR,16,1727298
AIYR,ASER,2,128959
AIYR,AUAR,4,286173
AIYR,AWAR,1,18215
AIYR,AWCR,1,4894
AIYR,RIAR,8,2311548
AIYR,RIBR,9,829632
AIYR,RIH,1,4686
AIZL,ADFL,1,8878
AIZL,AIAL,3,1191496
AIZL,AIBL,3,586273
AIZL,AIBR,8,716070
AIZL,AIYL,3,118522
AIZL,ASEL,4,473794
AIZL,AVER,3,189881
AIZL,AWAL,2,125917
AIZL,AWBL,1,46030
AIZL,AWCR,3,261087
AIZL,CEPshVL,1,24715
AIZL,RIAL,13,2451529
AIZL,RIAR,2,888948
AIZL,RIH,1,70770
AIZL,RIML,10,844231
AIZL,SIBVR,1,30211
AIZL,SMBDL,5,295730
AIZL,SMBDR,3,262146
AIZL,SMBVL,10,1064411
AIZL,SMBVR,4,328152
AIZL,SMDDL,2,6007
AIZR,ADFR,4,258959
AIZR,AIAR,6,563416
AIZR,AIBL,9,561618
AIZR,AIBR,1,33907
AIZR,AIYR,2,34099
AIZR,ASER,3,146719
AIZR,AVEL,5,254621
AIZR,AWAR,1,10897
AIZR,AWBR,1,7371
AIZR,AWCL,1,12196
AIZR,AWCR,1,27744
AIZR,RIAR,12,4545490
AIZR,RIH,1,11884
AIZR,RIMR,8,843877
AIZR,SMBDR,8,895474
AIZR,SMBVR,11,1022926
ALA,ADEL,1,80800
ALA,ADLR,3,294126
ALA,AIAL,1,1449
ALA,ASJR,3,184901
ALA,ASKL,1,16490
ALA,ASKR,6,352238
ALA,AVEL,2,303366
ALA,AVER,3,891704
ALA,AVFR,2,219836
ALA,AVHR,1,10925
ALA,CEPshDR,2,148777
ALA,CEPshVL,1,39982
ALA,CEPshVR,1,206838
ALA,PVQL,1,4462
ALA,PVQR,4,131307
ALML,ADAL,1,33570
ALML,AIML,1,96286
ALML,AVBL,1,5742
ALML,AVJR,1,92618
ALML,AVM,1,6058
ALML,BDUL,2,373862
ALML,CEPDL,1,685600
ALML,CEPVL,5,2184089
ALML,HSNR,1,73195
ALML,PVCL,2,1207542
ALML,PVR,1,6022
ALML,RID,1,14729
ALML,RIFL,1,26138
ALML,RMGL,1,48817
ALML,SDQL,2,154257
ALML,URXL,1,19475
ALMR,ADAR,1,12192
ALMR,ADER,1,92000
ALMR,AVDL,1,6074
ALMR,AVDR,1,67279
ALMR,AVJR,1,10321
ALMR,AVM,1,9130
ALMR,CEPDR,2,425600
ALMR,CEPVR,2,852608
ALMR,PVCR,3,1964796
ALNL,ADEL,2,44938
ALNL,AVAR,2,402956
ALNL,AVKR,1,43259
ALNL,RIMR,2,560801
ALNL,RIVR,1,275767
ALNL,RMGL,1,13084
ALNL,RMHR,1,17630
ALNL,SAAVL,8,2106156
ALNL,SIADR,1,19791
ALNL,SIBDR,1,50932
ALNL,SMBDR,7,829157
ALNL,SMDDR,4,238647
ALNL,SMDVR,2,106482
ALNR,AVKL,1,76553
ALNR,RIML,1,10581
ALNR,RIVL,1,264447
ALNR,RMGR,1,170254
ALNR,RMHL,2,142865
ALNR,SAADR,2,130961
ALNR,SAAVR,9,1804927
ALNR,SMBDL,4,559475
ALNR,SMDDL,1,67515
ALNR,SMDVL,3,367623
AQR,ADAL,1,919
AQR,ADAR,1,33447
AQR,ADEL,1,60003
AQR,AVAL,12,1348430
AQR,AVAR,12,1234337
AQR,AVBL,5,643830
AQR,AVBR,10,768427
AQR,AVDL,1,112048
AQR,AVDR,1,13754
AQR,BAGL,3,65375
AQR,BAGR,4,87054
AQR,DVA,6,376695
AQR,PVCL,5,806469
AQR,PVCR,8,957676
AQR,PVPL,2,96599
AQR,RIR,3,155538
AQR,SIADL,1,2387
AQR,SIAVL,1,18989
AQR,SIBDR,1,25593
AQR,SIBVL,4,307325
AQR,SIBVR,2,130981
AQR,SMBVL,1,14925
ASEL,ADAL,1,81391
ASEL,ADFR,1,43995
ASEL,AFDR,2,75213
ASEL,AIAL,3,74073
ASEL,AIBL,11,1703137
ASEL,AIBR,4,420228
ASEL,AIML,2,253249
ASEL,AIYL,8,875556
ASEL,AIYR,9,914709
ASEL,AIZL,3,161591
ASEL,AIZR,2,176729
ASEL,ASER,1,7029
ASEL,ASGL,3,97720
ASEL,ASHL,1,2317
ASEL,ASKL,1,55374
ASEL,AWAL,4,594165
ASEL,AWCL,3,204801
ASEL,RIAR,1,203022
ASEL,RIR,2,495526
ASEL,SAAVR,1,19378
ASER,ADFL,2,264995
ASER,AFDL,5,274823
ASER,AFDR,1,19185
ASER,AIAR,4,488318
ASER,AIBL,2,416428
ASER,AIBR,10,1420623
ASER,AIYL,14,1870521
ASER,AIYR,14,3241875
ASER,AIZL,2,41912
ASER,AIZR,3,19026
ASER,AWAL,1,17354
ASER,AWAR,5,324775
ASER,AWCR,9,248882
ASER,RIR,2,951284
ASGL,ASIL,10,9855401
ASGL,ASJL,2,68952
ASGL,ASKL,1,617
ASGL,AWCL,1,61974
ASGL,CEPshVL,1,79456
ASGR,AIMR,2,13924
ASGR,ASIR,9,11011019
ASGR,ASJR,2,66199
ASGR,ASKR,1,46187
ASGR,AWCL,2,137320
ASGR,AWCR,1,144550
ASHL,ADAL,5,677481
ASHL,ADFL,2,202496
ASHL,ADLL,1,409600
ASHL,AIAL,6,4888984
ASHL,AIBL,3,642849
ASHL,AIML,1,246826
ASHL,AVAL,10,1811338
ASHL,AVAR,1,106421
ASHL,AVBL,3,205792
ASHL,AVDL,4,1187422
ASHL,AVDR,6,1136904
ASHL,AVJL,7,776681
ASHL,AVJR,4,477823
ASHL,BDUL,4,530584
ASHL,BDUR,1,5205
ASHL,PVNR,1,2693
ASHL,PVQL,1,16186
ASHL,RIAL,3,313972
ASHL,RIFL,4,75360
ASHL,RIML,2,182466
ASHL,RIPL,4,412551
ASHL,URYDL,1,11967
ASHR,ADAR,3,144465
ASHR,ADLR,1,124960
ASHR,AIAR,12,6527745
ASHR,AIBR,5,458485
ASHR,AIMR,3,126109
ASHR,ASER,1,26762
ASHR,ASKR,1,3579
ASHR,AVAR,3,245552
ASHR,AVDL,8,1323515
ASHR,AVDR,2,324193
ASHR,AVJL,2,157852
ASHR,AVJR,3,805640
ASHR,AWAL,1,2711
ASHR,AWAR,2,140716
ASHR,AWBR,2,292625
ASHR,BDUR,4,495580
ASHR,IL2DR,1,267011
ASHR,PVQR,1,52913
ASHR,RIFR,6,402557
ASHR,RIPR,3,41171
ASHR,SMBVR,1,78263
ASIL,AIAL,1,210744
ASIL,ALA,1,11118
ASIL,ASEL,1,16228
ASIL,ASGL,15,4277551
ASIL,ASIR,1,94984
ASIL,AWCL,3,144869
ASIL,AWCR,1,79416
ASIL,CEPshVL,2,42690
ASIR,ADLR,1,34092
ASIR,ASGR,15,2326696
ASIR,AWCL,1,4504
ASIR,CEPshDR,1,46708
ASIR,CEPshVR,1,68800
ASJL,AIML,1,61290
ASJL,ALA,2,71915
ASJL,ASGL,3,222523
ASJL,ASKL,7,492178
ASJL,CEPshVL,3,283511
ASJL,PVQL,7,1518021
ASJL,RMDL,1,131361
ASJR,AIAR,1,16726
ASJR,ALA,1,19830
ASJR,ASKR,10,604141
ASJR,CEPVR,1,36135
ASJR,CEPshVR,1,9855
ASJR,PVQR,8,1978721
ASJR,RIPR,2,115223
ASJR,RMDR,1,114571
ASKL,ADLL,3,232237
ASKL,AIAL,10,2696651
ASKL,AIBL,1,179550
ASKL,AIML,7,1090185
ASKL,ALA,8,424138
ASKL,ASJL,3,134890
ASKL,AVJL,4,436750
ASKR,ADLR,3,412284
ASKR,AIAR,5,1402830
ASKR,AIMR,6,1043570
ASKR,ALA,4,783733
ASKR,AVJR,4,994780
ASKR,OLLR,1,14804
AUAL,AIBL,2,19904
AUAL,AIZL,1,7307
AUAL,AVAL,4,402750
AUAL,AVEL,1,61493
AUAL,AVER,1,224128
AUAL,BAGL,1,77077
AUAL,CEPVL,1,25898
AUAL,RIAL,9,2568927
AUAL,RIBL,7,1443130
AUAL,RIBR,4,409987
AUAL,URXL,3,468618
AUAL,URYDL,1,26781
AUAR,AFDR,1,127770
AUAR,AINL,1,36981
AUAR,AIYR,2,162561
AUAR,AIZL,1,18614
AUAR,AUAL,4,114007
AUAR,AVAR,2,455627
AUAR,AVEL,2,640031
AUAR,AVER,3,349148
AUAR,BAGL,1,57607
AUAR,BAGR,2,76655
AUAR,CEPVR,1,51858
AUAR,CEPshVR,1,123343
AUAR,RIAR,9,1775471
AUAR,RIBL,4,758326
AUAR,RIBR,9,1894423
AUAR,URXR,1,180782
AVAL,AIBL,1,32454
AVAL,DVC,1,61146
AVBL,AVAR,1,54893
AVBL,DVA,1,78707
AVBR,AVER,1,18046
AVBR,AVKR,1,120354
AVFL,ADAL,1,2650
AVFL,AIMR,1,106400
AVFL,ASHL,1,28357
AVFL,ASKL,1,169807
AVFL,AWAL,2,78342
AVFL,PVQL,1,86194
AVFL,RIFL,1,947
AVFL,RMGL,1,4846
AVFL,SMBVL,2,117658
AVFR,AIML,3,49440
AVFR,ALA,1,66724
AVFR,ASJR,1,69070
AVFR,AVDR,1,38370
AVFR,AVEL,1,47676
AVFR,AVFL,2,40433
AVFR,AVJR,2,123268
AVFR,BDUR,1,10669
AVFR,CEPshVL,2,159295
AVFR,IL2L,1,1561
AVFR,OLLL,1,82748
AVFR,PVQR,1,201595
AVFR,RIFL,1,36950
AVFR,RIPL,2,282378
AVFR,RMGL,1,42455
AVFR,URXR,1,13765
AVHL,ADAR,2,163295
AVHL,ADFR,1,31894
AVHL,ALML,1,63535
AVHL,AVAR,1,26407
AVHL,AVBL,2,119662
AVHL,AVBR,3,350368
AVHL,AVDL,2,195137
AVHL,AVJL,7,553963
AVHL,AWBL,1,46000
AVHL,BDUL,1,35077
AVHL,CEPDL,1,1965
AVHL,CEPshDL,1,10805
AVHL,PVCL,1,104786
AVHL,PVCR,2,167886
AVHL,RIMR,1,10966
AVHL,RIPR,1,9348
AVHL,RIR,1,85706
AVHR,AQR,1,29127
AVHR,AVAL,1,64324
AVHR,AVBL,2,288927
AVHR,AVFL,1,32673
AVHR,AVJR,3,236864
AVHR,CEPshDR,1,116089
AVHR,DVA,4,194809
AVHR,PVPL,4,124975
AVHR,RIML,1,43598
AVHR,RIR,2,156480
AVHR,SMBVL,1,98552
AVHR,URXL,1,165890
AVHR,URXR,1,96493
AVJL,ADAR,1,11548
AVJL,AVAR,4,460178
AVJL,AVBL,2,117536
AVJL,AVBR,7,735971
AVJL,AVDL,1,321169
AVJL,AVHL,1,107851
AVJL,OLQVR,1,8801
AVJL,PVCL,1,45395
AVJL,PVCR,4,184827
AVJL,PVPR,2,90949
AVJL,PVR,1,114353
AVJL,RICR,1,51023
AVJL,RIFL,2,253600
AVJR,AIMR,1,40321
AVJR,AVAL,2,517751
AVJR,AVBL,4,760653
AVJR,AVBR,1,120306
AVJR,AVDR,2,193970
AVJR,AVHR,1,27694
AVJR,AVM,1,20076
AVJR,HSNR,1,58077
AVJR,IL2DR,1,92850
AVJR,PVCL,1,80302
AVKL,AIBR,1,2172
AVKL,AVER,2,32863
AVKL,AVKR,3,48855
AVKL,PVT,1,4065
AVKL,RICL,2,229838
AVKL,RIGL,1,170033
AVKL,RIGR,1,156193
AVKL,RIML,2,296988
AVKL,RIMR,4,376428
AVKL,RIS,5,340606
AVKL,RIVL,1,13034
AVKL,RMDL,4,936420
AVKL,RMDR,2,340292
AVKL,RMFR,4,164636
AVKL,SIADL,1,51951
AVKL,SMBDL,1,66614
AVKL,SMBVL,1,166573
AVKL,SMDDL,2,234723
AVKL,SMDDR,1,2645
AVKL,SMDVL,2,93109
AVKL,SMDVR,3,40762
AVKR,ALNL,2,19082
AVKR,AVKL,2,321157
AVKR,AVL,1,2154
AVKR,PLNL,1,7963
AVKR,RIGL,2,62206
AVKR,RIGR,1,29138
AVKR,RIML,3,206093
AVKR,RIMR,2,108589
AVKR,RIVR,2,126980
AVKR,RMDR,4,721377
AVKR,RMFL,1,34245
AVKR,SAADL,2,107652
AVKR,SAAVL,1,7529
AVKR,SMBDR,2,66429
AVKR,SMDDR,1,155407
AVM,ALML,1,12951
AVM,ALMR,4,180663
AVM,AVBL,5,629918
AVM,AVBR,1,144605
AVM,AVDL,3,180688
AVM,AVDR,2,86532
AVM,AVFR,2,19453
AVM,AVJL,3,157051
AVM,AVJR,7,499406
AVM,CEPshVL,3,159018
AVM,CEPshVR,3,88128
AVM,HSNR,3,71866
AVM,PVCL,8,853582
AVM,PVCR,4,348687
AVM,PVNL,3,19691
AVM,PVNR,1,1745
AVM,PVR,1,14778
AVM,RID,4,313399
AVM,RIML,1,8919
AVM,SIBVL,1,111390
AVM,SIBVR,3,103075
AVM,exc_duct,1,3253
AWAL,ADFL,5,215903
AWAL,ADLL,1,47522
AWAL,AFDL,7,171529
AWAL,AIAL,1,9942
AWAL,AIYL,8,366704
AWAL,AIZL,12,2704165
AWAL,ASEL,5,174945
AWAL,ASER,2,14965
AWAL,ASHL,1,14164
AWAL,AVJR,1,55869
AWAL,AWBL,9,386917
AWAL,BDUL,1,47528
AWAL,RIFL,2,216364
AWAL,RIR,2,742635
AWAR,ADFR,1,5064
AWAR,ADLR,1,5741
AWAR,AIAR,2,105456
AWAR,AIYR,7,862357
AWAR,AIZR,8,526092
AWAR,ASER,10,621279
AWAR,ASHR,1,14398
AWAR,AVHL,3,195110
AWAR,AVJL,5,592557
AWAR,AVJR,1,43075
AWAR,AWBR,6,282764
AWAR,RIPR,4,316507
AWBL,ADAL,2,110840
AWBL,ADFL,6,212234
AWBL,AIAL,2,5790
AWBL,AIBL,2,166996
AWBL,AIBR,2,105787
AWBL,AIZL,4,199631
AWBL,AIZR,1,23744
AWBL,ASEL,1,76751
AWBL,ASHL,1,123093
AWBL,AWAL,1,116524
AWBL,RIAL,1,693566
AWBL,RIFL,4,313303
AWBL,RIPR,1,21523
AWBL,RIR,1,20698
AWBL,SMBVL,1,45768
AWBR,ADAR,1,124775
AWBR,ADFR,3,156276
AWBR,AFDR,2,134725
AWBR,AIAR,3,276397
AWBR,AIMR,3,116750
AWBR,AIYR,2,111274
AWBR,AIZR,4,595980
AWBR,AWAR,3,106149
AWBR,RMGR,2,173674
AWCL,AFDR,4,149766
AWCL,AIAL,4,845001
AWCL,AIAR,1,110544
AWCL,AIBL,2,229690
AWCL,AINL,1,100152
AWCL,AIYL,7,4789230
AWCL,AIYR,12,2190477
AWCL,AIZL,1,87417
AWCL,AIZR,4,211820
AWCL,ASEL,7,343253
AWCL,ASER,2,18830
AWCL,ASGL,1,174194
AWCL,AWCR,12,833184
AWCL,RIR,6,428441
AWCR,ADAL,2,102571
AWCR,ADLR,3,67219
AWCR,AFDL,1,34338
AWCR,AIAL,8,1676074
AWCR,AIAR,9,1451101
AWCR,AIBL,7,1085724
AWCR,AIBR,11,784073
AWCR,AIYL,7,1198544
AWCR,AIYR,4,830971
AWCR,AIZL,3,133546
AWCR,AIZR,1,102226
AWCR,ASER,7,311862
AWCR,ASGL,1,99001
AWCR,ASGR,3,443138
AWCR,AWAL,2,163845
AWCR,AWCL,5,247152
AWCR,RIR,1,53413
BAGL,AINL,1,117805
BAGL,AUAR,1,2253
BAGL,AVAR,4,402775
BAGL,BAGR,2,92852
BAGL,CEPshDR,1,2118
BAGL,RIAR,12,1512840
BAGL,RIBR,14,2074880
BAGL,RID,4,850393
BAGL,RIGR,5,694399
BAGL,RMFR,4,304084
BAGR,AIBR,1,99221
BAGR,AINR,5,148631
BAGR,AVAL,3,587126
BAGR,AVBR,1,559570
BAGR,CEPVL,1,2807
BAGR,CEPshVL,1,4848
BAGR,DVC,1,119200
BAGR,RIAL,10,2813689
BAGR,RIBL,13,1793727
BAGR,RID,1,169610
BAGR,RIGL,7,3167169
BAGR,RMFL,9,368004
BDUL,ALML,1,54907
BDUL,AVBL,4,184999
BDUL,AVFL,1,7309
BDUL,AVHL,1,164233
BDUL,AVJL,1,13515
BDUL,AVJR,2,373745
BDUL,CEPshDL,1,3493
BDUL,HSNR,1,914
BDUL,PVNL,2,194058
BDUL,RIFL,2,39201
BDUL,RIML,2,233879
BDUL,RIPL,1,41976
BDUL,RIPR,1,147771
BDUR,ALMR,1,1926
BDUR,ASHR,3,70745
BDUR,AVFR,1,15556
BDUR,AVJL,1,49339
BDUR,PVNR,1,42750
BDUR,PVQR,3,207438
BDUR,RIPL,2,83498
BDUR,RIPR,5,387281
BDUR,RMGR,2,100667
CEPDL,AVER,6,425824
CEPDL,BWM-DL05,1,29317
CEPDL,GLRDL,1,66531
CEPDL,IL1DL,2,40687
CEPDL,OLLL,11,1811222
CEPDL,OLQDL,4,119824
CEPDL,RIBL,1,271527
CEPDL,RICL,5,2015602
CEPDL,RICR,4,1271195
CEPDL,RIS,1,13273
CEPDL,RMDDR,1,252275
CEPDL,RMDVL,7,523956
CEPDL,RMDVR,1,6153
CEPDL,RMFR,5,713139
CEPDL,RMHL,1,36112
CEPDL,RMHR,7,990091
CEPDL,SIADR,1,1121784
CEPDL,SIBVL,1,190072
CEPDL,SMBDR,6,314083
CEPDL,SMDDR,2,297618
CEPDL,URBL,4,561712
CEPDR,ADAR,1,54769
CEPDR,AVBR,2,266205
CEPDR,AVEL,5,957861
CEPDR,BWM-DR07,2,54602
CEPDR,OLLR,4,606408
CEPDR,OLQDR,1,24465
CEPDR,RICL,4,944293
CEPDR,RICR,7,2704226
CEPDR,RMDDL,2,125883
CEPDR,RMDR,2,93049
CEPDR,RMDVR,3,290211
CEPDR,RMFL,2,76764
CEPDR,RMGR,3,344480
CEPDR,RMHL,3,343369
CEPDR,RMHR,3,470996
CEPDR,SIADL,3,249394
CEPDR,SIAVR,1,118024
CEPDR,SMBDL,3,172157
CEPDR,SMDDL,2,81195
CEPDR,URBR,3,718449
CEPVL,ADAL,2,160039
CEPVL,AVBL,1,108905
CEPVL,AVER,7,776177
CEPVL,BWM-VL01,1,26485
CEPVL,BWM-VL03,1,27206
CEPVL,BWM-VL05,1,1892
CEPVL,IL1VL,1,14085
CEPVL,OLLL,8,1038716
CEPVL,OLQVL,1,45384
CEPVL,RIAL,2,50383
CEPVL,RIBL,2,51700
CEPVL,RICL,5,1355977
CEPVL,RICR,4,1139202
CEPVL,RMDDL,4,424941
CEPVL,RMDR,1,17319
CEPVL,RMFR,1,86344
CEPVL,RMGL,1,8772
CEPVL,RMHL,2,240774
CEPVL,RMHR,3,200402
CEPVL,SIAVL,6,647085
CEPVL,SIBDL,1,14619
CEPVL,SIBVR,1,6815
CEPVL,SMBVL,6,473648
CEPVL,URBL,2,59932
CEPVR,ADAR,1,5471
CEPVR,ALMR,1,254529
CEPVR,AVBL,1,72529
CEPVR,AVBR,1,18362
CEPVR,AVEL,3,206206
CEPVR,BWM-VR03,1,132511
CEPVR,BWM-VR04,1,65201
CEPVR,BWM-VR05,1,113089
CEPVR,BWM-VR06,1,137999
CEPVR,CEPshVR,1,26640
CEPVR,IL1VR,2,24117
CEPVR,IL2VR,1,77914
CEPVR,OLLR,4,379743
CEPVR,OLQVR,3,121140
CEPVR,PVR,1,62199
CEPVR,RIBR,1,37163
CEPVR,RICL,3,595175
CEPVR,RICR,7,1669788
CEPVR,RMDDR,3,164263
CEPVR,RMHL,2,242762
CEPVR,RMHR,3,222618
CEPVR,SIAVR,3,364797
CEPVR,SMBVR,1,1765
CEPVR,SMDVL,1,78108
CEPVR,URBR,3,282711
DVA,ADFL,1,3786
DVA,AIBL,1,3590
DVA,AIYL,1,70527
DVA,AIZL,7,1226255
DVA,AIZR,3,413514
DVA,AQR,1,23635
DVA,AUAR,3,237614
DVA,AVAL,3,486752
DVA,AVBR,1,11555
DVA,AVDR,2,203435
DVA,AVEL,7,1662031
DVA,AVER,7,1803665
DVA,AVHL,2,68679
DVA,RIH,1,5622
DVA,RIR,1,51219
DVA,SIAVL,1,7565
DVA,SMBDL,1,98563
DVA,SMBDR,2,283995
DVA,SMBVL,1,115472
DVA,SMBVR,2,439326
DVC,AIBL,2,194892
DVC,AIBR,2,166204
DVC,AUAL,1,8626
DVC,AVAL,3,546579
DVC,AVAR,1,369439
DVC,AVKL,3,38498
DVC,AVKR,1,1736
DVC,AVL,1,21156
DVC,BAGR,4,483655
DVC,CEPshVL,3,83740
DVC,FLPL,1,75990
DVC,IL2DL,4,675874
DVC,IL2DR,1,264447
DVC,IL2L,4,709093
DVC,IL2VL,3,282553
DVC,PVT,6,268028
DVC,RIAL,1,987042
DVC,RIBL,10,1418346
DVC,RIBR,4,696903
DVC,RIGL,7,1541158
DVC,RIGR,4,520665
DVC,RIH,8,1260653
DVC,RIR,1,49494
DVC,RMEV,1,111265
DVC,SAADL,1,5457
DVC,URYDL,3,63959
DVC,URYVL,1,951
FLPL,AVAL,3,400398
FLPL,AVAR,3,1209557
FLPL,AVBR,1,1014426
FLPL,FLPR,2,101219
FLPL,RIVR,1,122727
FLPL,SDQL,2,80334
FLPL,SDQR,1,7339
FLPR,ADAL,1,37288
FLPR,ADEL,1,52389
FLPR,ADER,1,12823
FLPR,AVAL,3,357735
FLPR,AVAR,4,292935
FLPR,AVBR,1,175916
FLPR,DVA,1,3124
FLPR,FLPL,1,2190
HSNR,ALMR,4,120456
HSNR,AVBL,3,267488
HSNR,AVBR,4,917639
HSNR,AVFL,1,94571
HSNR,AVJL,2,236489
HSNR,AVJR,2,168188
HSNR,CEPDR,1,254134
HSNR,CEPVR,1,16065
HSNR,CEPshDL,1,38566
HSNR,CEPshDR,1,26043
HSNR,CEPshVL,1,58337
HSNR,PVNL,4,232194
HSNR,PVNR,1,40956
HSNR,PVR,1,193501
HSNR,RIPL,1,18133
HSNR,RIPR,5,589743
HSNR,SIBDL,1,177097
IL1DL,BWM-DL01,5,1254887
IL1DL,BWM-DL02,4,944759
IL1DL,CEPDL,1,1904
IL1DL,IL2DL,1,11825
IL1DL,RICL,1,8172
IL1DL,RIPL,4,142593
IL1DL,RMDVL,8,1245889
IL1DL,RMEL,5,814087
IL1DL,RMHR,3,582726
IL1DL,SMDDR,1,683052
IL1DL,URADL,10,763420
IL1DL,URBL,2,329088
IL1DR,BWM-DR01,2,225666
IL1DR,BWM-DR02,5,943697
IL1DR,BWM-DR03,1,9645
IL1DR,BWM-DR04,1,1597
IL1DR,OLLR,1,29253
IL1DR,RIPR,1,155217
IL1DR,RMDDL,4,193377
IL1DR,RMDVR,5,1132646
IL1DR,RMER,2,228000
IL1DR,RMHL,2,551069
IL1DR,SMDDL,1,137555
IL1DR,URADR,3,81844
IL1DR,URBR,3,648833
IL1L,ADEL,1,3639
IL1L,BWM-DL02,2,54923
IL1L,BWM-VL02,4,263194
IL1L,OLLL,1,31419
IL1L,RICL,3,3027654
IL1L,RICR,1,1139800
IL1L,RMDDL,4,389040
IL1L,RMDDR,1,72086
IL1L,RMDL,2,379667
IL1L,RMDR,8,2631515
IL1L,RMDVL,4,232067
IL1L,RMDVR,4,168783
IL1L,RMFR,2,58722
IL1L,RMHR,10,2602988
IL1L,SIAVL,1,16200
IL1L,URAVL,1,3329
IL1L,URBL,1,92976
IL1R,BWM-DR02,2,24244
IL1R,BWM-VR02,7,454849
IL1R,RICL,1,2162400
IL1R,RICR,1,1986400
IL1R,RIS,2,12929
IL1R,RMDDR,6,285289
IL1R,RMDL,11,3858145
IL1R,RMDR,2,23092
IL1R,RMDVL,1,12697
IL1R,RMDVR,3,52762
IL1R,RMEV,1,4601
IL1R,RMFL,1,11133
IL1R,RMHL,12,1965660
IL1R,URAVR,1,91399
IL1VL,BWM-VL01,2,492491
IL1VL,BWM-VL02,1,677470
IL1VL,IL1DL,1,274494
IL1VL,IL1L,3,338459
IL1VL,IL2VL,1,61172
IL1VL,OLLL,2,441190
IL1VL,OLQVL,1,10034
IL1VL,RIPL,2,660449
IL1VL,RMDDL,6,739283
IL1VL,RMDVL,2,35504
IL1VL,RMEL,5,829530
IL1VL,RMHR,1,791903
IL1VL,URAVL,3,213721
IL1VL,URBL,2,1931100
IL1VR,BWM-VR01,6,817621
IL1VR,BWM-VR02,5,921700
IL1VR,IL1R,4,55197
IL1VR,OLLR,1,66034
IL1VR,RIPR,5,411330
IL1VR,RMDDR,10,1704193
IL1VR,RMDVL,3,447266
IL1VR,RMER,3,212811
IL1VR,RMEV,1,2459
IL1VR,RMHL,4,527682
IL1VR,URAVR,8,348939
IL1VR,URBR,4,1082366
IL2DL,AVBR,1,8736
IL2DL,GLRDL,2,206240
IL2DL,RIGL,2,844000
IL2DL,RIVL,1,141528
IL2DL,RMED,1,56960
IL2DL,SAAVL,1,171668
IL2DL,URYDL,1,100467
IL2DR,AVBR,1,40687
IL2DR,AVDR,1,124054
IL2DR,AVHR,1,4552
IL2DR,CEPshDR,1,22620
IL2DR,IL1DR,3,37895
IL2DR,OLQDR,2,114763
IL2DR,RIGR,2,441225
IL2DR,RIH,3,171580
IL2DR,RIPR,5,454428
IL2DR,RMED,2,119400
IL2DR,RMEV,1,27587
IL2DR,SAAVL,1,737501
IL2DR,SAAVR,1,357370
IL2DR,SMDDR,1,30729
IL2DR,URADR,4,301209
IL2L,AIYL,1,683614
IL2L,AUAL,1,301186
IL2L,CEPshDL,3,212847
IL2L,DVC,1,31277
IL2L,IL2VL,1,413600
IL2L,OLLL,3,26353
IL2L,OLQDL,2,41443
IL2L,OLQVL,2,380176
IL2L,RIH,5,3831317
IL2L,RMEL,1,5387
IL2L,RMER,1,26400
IL2R,ADER,1,13393
IL2R,ADFR,1,140800
IL2R,AINL,1,87731
IL2R,AUAL,1,136420
IL2R,AUAR,1,230966
IL2R,CEPshDR,2,217136
IL2R,DVC,1,62499
IL2R,GLRR,1,2087
IL2R,IL1R,4,175455
IL2R,IL2VR,4,562647
IL2R,OLLR,3,63847
IL2R,OLQVR,1,121786
IL2R,RIBR,1,168390
IL2R,RIH,6,1640501
IL2R,RIMR,1,22976
IL2R,RIPR,1,112133
IL2R,RMEL,1,15068
IL2R,URAVR,2,74304
IL2R,URBR,5,276905
IL2R,URXR,1,6681
IL2R,URYVR,1,25074
IL2VL,AIBR,1,121040
IL2VL,AVER,1,182802
IL2VL,AVKR,1,4010
IL2VL,BWM-VL01,1,27558
IL2VL,GLRVL,2,638842
IL2VL,IL1VL,1,54023
IL2VL,RIAL,1,180100
IL2VL,RIGL,4,1119227
IL2VL,RIPL,1,50219
IL2VL,RMDDL,1,7461
IL2VL,RMER,1,68181
IL2VL,URYVL,1,41737
IL2VR,AIBL,2,44996
IL2VR,CEPVR,1,5833
IL2VR,IL1VR,2,19165
IL2VR,IL2R,1,29355
IL2VR,RIAR,1,5504
IL2VR,RIGR,4,1014053
IL2VR,RIH,2,217569
IL2VR,RIPR,2,94956
IL2VR,RIVL,1,7524
IL2VR,RMEV,2,97282
IL2VR,URAVR,3,88565
OLLL,AVER,30,7316559
OLLL,CEPDL,6,443343
OLLL,CEPVL,5,719558
OLLL,CEPshVL,1,667
OLLL,IL1DL,3,390352
OLLL,IL1VL,1,58486
OLLL,IL2VL,1,20593
OLLL,OLLR,1,23040
OLLL,OLQVL,2,20801
OLLL,RIBL,10,3414667
OLLL,RMDDL,11,1335565
OLLL,RMDR,1,458400
OLLL,RMDVL,6,1394506
OLLL,RMED,7,521671
OLLL,RMEL,3,201831
OLLL,RMEV,3,154354
OLLL,RMHR,1,201634
OLLL,SMDDL,2,70925
OLLL,SMDDR,4,1064886
OLLL,SMDVL,2,488687
OLLL,SMDVR,3,2789986
OLLL,URBL,2,133564
OLLL,URYDL,1,35198
OLLL,URYVL,1,4734
OLLR,AVEL,19,2589222
OLLR,CEPDR,7,425167
OLLR,IL1DR,6,410700
OLLR,IL1VR,1,286602
OLLR,OLQDR,1,21436
OLLR,OLQVR,3,50633
OLLR,RIBR,8,1362057
OLLR,RMDDR,4,191329
OLLR,RMDVR,13,1706740
OLLR,RMED,9,732945
OLLR,SMDDL,4,851680
OLLR,SMDDR,2,251184
OLLR,SMDVL,6,1645524
OLLR,URBR,1,241968
OLLR,URYDL,1,74128
OLLR,URYVR,2,175488
OLQDL,AVER,2,195197
OLQDL,CEPshDL,3,375465
OLQDL,IL1DL,1,7056
OLQDL,OLLL,1,53702
OLQDL,RIBL,1,48894
OLQDL,RICL,1,164522
OLQDL,RICR,3,889304
OLQDL,RIH,3,436486
OLQDL,RMDDR,9,1239106
OLQDL,RMDVL,2,463598
OLQDL,RMEL,1,4314
OLQDL,RMHL,4,1246974
OLQDL,SIBVL,5,1746139
OLQDL,SMBDR,2,42044
OLQDR,CEPshDR,2,171694
OLQDR,IL2DR,1,13019
OLQDR,OLLR,1,127026
OLQDR,RIBR,1,196226
OLQDR,RICL,1,318609
OLQDR,RMDDL,6,2140583
OLQDR,RMDVR,2,400510
OLQDR,RMHL,3,686560
OLQDR,RMHR,1,379412
OLQDR,SIBVR,4,917817
OLQDR,URYDL,2,267745
OLQVL,AVER,1,348835
OLQVL,OLLL,2,382886
OLQVL,RIBL,1,259478
OLQVL,RICL,1,1034452
OLQVL,RMDVR,4,1729541
OLQVL,RMHL,1,363948
OLQVL,SIAVL,2,206289
OLQVL,SIBDL,3,1167370
OLQVR,AVEL,2,254396
OLQVR,BWM-VR06,1,12818
OLQVR,CEPVR,1,3377
OLQVR,IL1VR,1,2529
OLQVR,IL2VR,1,60335
OLQVR,OLLR,2,179906
OLQVR,PLNR,2,17928
OLQVR,RIBR,1,50746
OLQVR,RICR,2,1550274
OLQVR,RMDVL,3,1516444
OLQVR,RMHL,1,12831
OLQVR,RMHR,2,298726
OLQVR,SIAVR,1,789288
OLQVR,SIBDR,5,796191
OLQVR,SMBVR,2,438146
OLQVR,URBR,2,171513
OLQVR,URYVR,1,135752
PLNL,RIGL,1,4301
PLNL,RMDVR,1,42381
PLNL,RMGL,3,199988
PLNL,RMHR,1,46899
PLNL,SAADL,10,1171041
PLNL,SMBVL,8,839237
PLNL,SMDVR,2,3353
PLNR,BWM-VR06,1,3516
PLNR,RIH,2,52491
PLNR,RMGR,3,219359
PLNR,SAADR,9,1330922
PLNR,SMBVR,7,713837
PLNR,SMDVL,2,233476
PVCL,ALML,1,5938
PVCL,AQR,3,167112
PVCL,AVBL,1,155978
PVCL,AVBR,4,617362
PVCL,AVDR,3,186184
PVCL,AVEL,1,371891
PVCL,AVJL,1,241779
PVCL,AVJR,1,35346
PVCL,AVM,1,90918
PVCL,PVPL,3,104088
PVCL,RID,2,195404
PVCR,AVAR,3,323034
PVCR,AVBL,1,258897
PVCR,AVBR,5,372479
PVCR,AVDL,3,692580
PVCR,AVER,2,203128
PVCR,AVJL,3,304282
PVNL,ALML,1,184993
PVNL,ALMR,1,97686
PVNL,AVBL,1,35755
PVNL,AVBR,1,65856
PVNL,AVM,1,305133
PVNL,BDUR,1,75788
PVNL,BWM-VL07,1,5298
PVNL,CEPVL,1,150015
PVNL,CEPVR,1,80125
PVNL,CEPshVL,1,433102
PVNL,CEPshVR,1,23200
PVNL,HSNR,1,12437
PVNL,RIPR,2,244212
PVNR,AVFL,1,180310
PVNR,CEPshDL,1,86426
PVNR,CEPshVR,1,136042
PVNR,HSNR,1,74358
PVNR,RIFL,1,154865
PVPL,ADAL,1,14346
PVPL,AIBR,1,213298
PVPL,AVAR,1,78498
PVPL,AVBL,3,491661
PVPL,AVBR,2,366338
PVPL,AVDR,1,101732
PVPL,AVM,1,37667
PVPL,DVA,1,137654
PVPL,PVCL,3,361044
PVPL,RIFL,1,57368
PVPL,RIML,1,100394
PVPR,AIBL,1,20848
PVPR,AQR,1,38629
PVPR,AVBL,5,511974
PVPR,AVBR,2,377315
PVPR,AVDL,1,29339
PVPR,AVDR,1,62451
PVPR,AVJL,1,146572
PVPR,DVA,1,34957
PVPR,PVCR,3,141972
PVPR,RICL,1,263342
PVPR,RIGR,3,381906
PVPR,URXR,1,26696
PVQL,AIAL,3,296419
PVQL,AIML,1,24500
PVQL,ALA,1,26970
PVQL,ASJL,3,196171
PVQL,ASKL,8,393014
PVQL,AVFL,4,235174
PVQL,AWAL,1,50995
PVQL,BDUL,1,11922
PVQL,RIPL,6,625795
PVQL,RMGL,2,34240
PVQR,AIAR,2,441017
PVQR,ASER,1,118193
PVQR,ASKR,2,176862
PVQR,AVFR,1,3219
PVQR,AWAR,1,100502
PVQR,BDUR,3,428789
PVQR,CEPshVR,2,69013
PVQR,RIPR,4,536078
PVQR,RMGR,3,206328
PVR,AVBL,4,262709
PVR,AVBR,7,845315
PVR,AVJL,4,383221
PVR,AVJR,6,603829
PVR,BWM-VR07,1,1618
PVR,CEPVL,1,77761
PVR,CEPVR,1,41819
PVR,CEPshVR,1,124745
PVR,IL1VL,1,85439
PVR,IL1VR,1,357944
PVR,PVCL,1,785
PVR,RIPL,2,43630
PVR,RIPR,3,497550
PVR,SDQR,1,3237
PVT,AVBL,1,84325
PVT,AVKL,6,468875
PVT,AVKR,4,357933
PVT,AVL,1,45049
PVT,CEPshDL,1,90565
PVT,DVC,6,272961
PVT,OLQVR,1,6741
PVT,RIBL,2,278847
PVT,RIGL,2,209099
PVT,RIVL,2,47960
PVT,RIVR,1,1502
PVT,RMEL,2,128982
PVT,RMFL,5,634371
PVT,RMFR,4,844193
PVT,RMHL,2,324712
PVT,RMHR,1,2285
RIAL,CEPDL,3,98975
RIAL,CEPVL,1,2517
RIAL,RIAR,21,1923604
RIAL,RIVL,4,419635
RIAL,RMDDL,12,1820411
RIAL,RMDDR,9,2455821
RIAL,RMDL,16,3469945
RIAL,RMDR,11,2657178
RIAL,RMDVL,15,2804487
RIAL,RMDVR,12,2246490
RIAL,RMFL,1,156552
RIAL,SIADL,3,141112
RIAL,SIADR,1,209641
RIAL,SIAVL,1,5442
RIAL,SIAVR,9,371534
RIAL,SMDDL,9,3044439
RIAL,SMDDR,16,3377472
RIAL,SMDVL,11,1338077
RIAL,SMDVR,9,2507070
RIAR,CEPDR,2,137379
RIAR,CEPVR,2,84242
RIAR,IL1L,3,185177
RIAR,RIAL,27,2028540
RIAR,RIVL,3,267434
RIAR,RIVR,3,326878
RIAR,RMDDL,12,1472967
RIAR,RMDDR,16,1983958
RIAR,RMDL,9,1160122
RIAR,RMDR,11,1963606
RIAR,RMDVL,14,2334937
RIAR,RMDVR,14,2578246
RIAR,SIADL,6,838250
RIAR,SIADR,8,716783
RIAR,SIAVL,4,458827
RIAR,SIBDL,1,46719
RIAR,SMDDL,8,637766
RIAR,SMDDR,18,3529628
RIAR,SMDVL,20,3728227
RIAR,SMDVR,10,1361923
RIBL,AIBR,1,288291
RIBL,AUAL,1,32358
RIBL,AUAR,1,7602
RIBL,AVAL,2,223724
RIBL,AVEL,4,433855
RIBL,AVER,6,581865
RIBL,BAGR,9,774311
RIBL,CEPDL,2,5585
RIBL,IL2VL,1,48821
RIBL,OLLL,3,175844
RIBL,RIAL,3,423811
RIBL,RIGL,1,182400
RIBL,SMDDR,1,207051
RIBL,SMDVR,2,108516
RIBL,URAVL,1,100318
RIBL,URYDL,1,48048
RIBR,AIBL,1,33752
RIBR,AINL,1,201413
RIBR,AVAR,2,136033
RIBR,AVEL,3,435129
RIBR,AVER,1,108919
RIBR,BAGL,5,470112
RIBR,CEPshVR,1,31071
RIBR,DVC,1,71835
RIBR,RIAR,3,137328
RIBR,RIGR,1,223280
RIBR,RIMR,2,223058
RIBR,RIS,1,6613
RIBR,SMDVL,2,244658
RICL,ADAL,2,550246
RICL,ADAR,1,49675
RICL,AVAR,2,211397
RICL,AVBL,7,4276646
RICL,AVBR,7,3829191
RICL,AVJR,2,140011
RICL,CEPVR,1,15053
RICL,RICR,3,144991
RICL,RIML,2,101745
RICL,SIBDR,1,154258
RICL,SMBVL,1,165600
RICL,SMDDL,2,164604
RICL,SMDDR,1,1389
RICL,SMDVR,2,103855
RICL,URYDL,1,79997
RICL,URYVR,1,397743
RICR,ADAL,4,348741
RICR,ADAR,3,130334
RICR,ASHR,1,25728
RICR,AVBL,8,2890467
RICR,AVBR,12,4880736
RICR,AVER,2,178861
RICR,AVJL,4,958224
RICR,CEPVR,2,285402
RICR,PVR,1,9523
RICR,RICL,2,93324
RICR,RIVL,1,2174
RICR,RMGR,1,19541
RICR,SIBVL,1,97681
RICR,URXR,1,1667
RIFL,ADAL,5,244777
RIFL,ADFL,1,83042
RIFL,AIML,2,3086
RIFL,AIZL,2,136676
RIFL,ASHL,3,155144
RIFL,AVBL,6,1182462
RIFL,AVBR,1,220780
RIFL,AVHL,1,32422
RIFL,AVJL,1,242162
RIFL,BDUL,3,302588
RIFL,HSNR,1,121081
RIFL,PVNL,1,28444
RIFL,RIML,4,338392
RIFL,RIPR,1,203482
RIFL,RMGL,2,230162
RIFL,SDQL,1,20100
RIFR,ADAR,7,708617
RIFR,ADFR,2,14232
RIFR,AIAR,1,2244
RIFR,ALMR,1,5182
RIFR,ASHR,6,495654
RIFR,AVBL,1,161145
RIFR,AVBR,4,257246
RIFR,AVHL,4,188126
RIFR,AVHR,1,5997
RIFR,AVJL,1,24172
RIFR,AVJR,1,123064
RIFR,AWAR,1,37548
RIFR,BDUR,5,262406
RIFR,PVPR,1,139646
RIFR,RIFL,1,106586
RIFR,RIMR,2,225335
RIFR,RIPR,1,101684
RIFR,RIR,1,4137
RIFR,RMGR,1,37780
RIGL,AIZL,5,945527
RIGL,AIZR,1,100634
RIGL,ALNL,7,953596
RIGL,AVEL,3,949049
RIGL,AVER,4,467508
RIGL,AVKR,2,3442085
RIGL,BAGR,3,118391
RIGL,CEPshVL,2,73392
RIGL,DVC,3,273975
RIGL,PLNL,1,395390
RIGL,PVPL,1,292519
RIGL,PVT,1,5998
RIGL,RIAL,1,149737
RIGL,RIBL,3,220425
RIGL,RIGR,1,49864
RIGL,RIML,1,9531
RIGL,RIR,3,943427
RIGL,RMFL,2,166438
RIGL,RMHR,5,2573730
RIGL,URXL,3,488785
RIGR,AIZR,3,825313
RIGR,ALNR,4,381240
RIGR,AVDL,1,2260
RIGR,AVEL,1,9724
RIGR,AVER,2,204413
RIGR,AVKL,5,3788612
RIGR,BAGL,3,74861
RIGR,DVA,1,63900
RIGR,DVC,3,130120
RIGR,PVPR,1,212075
RIGR,RIAR,1,21871
RIGR,RIBR,1,317459
RIGR,RIR,2,783176
RIGR,RMHL,5,1840028
RIGR,URXR,3,273525
RIGR,URYVR,1,21021
RIH,AIYR,2,205385
RIH,AIZL,4,501089
RIH,AIZR,5,838744
RIH,BAGL,2,407170
RIH,BAGR,1,25439
RIH,CEPDL,4,320348
RIH,CEPDR,3,132289
RIH,CEPshDL,1,7465
RIH,CEPshDR,1,15835
RIH,CEPshVR,3,73491
RIH,DVC,5,289843
RIH,GLRDR,1,23608
RIH,GLRL,1,78542
RIH,GLRVL,1,315974
RIH,IL1DR,2,30532
RIH,IL1VL,1,8835
RIH,IL2DL,4,590454
RIH,IL2DR,4,604778
RIH,IL2L,3,219805
RIH,IL2VL,3,156989
RIH,OLQDL,2,168311
RIH,OLQDR,2,357640
RIH,OLQVL,6,752046
RIH,OLQVR,3,304735
RIH,RIAL,1,21151
RIH,RIAR,10,1112341
RIH,RIBR,2,142543
RIH,RIML,2,511523
RIH,RIPL,5,676822
RIH,RIPR,4,203265
RIH,RMED,2,120260
RIH,RMEL,2,199782
RIH,SMBVL,2,163388
RIH,URXL,2,216718
RIH,URXR,5,871948
RIH,URYDL,3,483671
RIH,URYVL,3,472843
RIML,AIBR,1,12253
RIML,AVBL,2,661496
RIML,AVBR,4,505568
RIML,AVDR,1,60245
RIML,BWM-DR04,2,942464
RIML,BWM-VR04,7,938707
RIML,PVCL,2,1221459
RIML,RIAL,1,16839
RIML,RIBL,3,236580
RIML,RIBR,3,214818
RIML,RIS,1,20847
RIML,RMDL,4,1180001
RIML,RMDR,9,2844998
RIML,RMFL,4,126803
RIML,RMGR,1,36217
RIML,SAADL,1,172053
RIML,SAADR,2,144717
RIML,SAAVR,4,782041
RIML,SMDDL,6,1259955
RIML,SMDDR,4,354102
RIML,SMDVL,5,596693
RIML,SMDVR,4,266347
RIMR,AIBL,5,233229
RIMR,AVBL,5,493622
RIMR,BWM-DL04,3,1060286
RIMR,BWM-DL06,2,108876
RIMR,BWM-VL04,3,893462
RIMR,BWM-VL06,1,40839
RIMR,RIBL,3,306215
RIMR,RIBR,4,352128
RIMR,RIFR,1,116000
RIMR,RMDL,7,3085010
RIMR,RMDR,6,967641
RIMR,RMEV,2,78740
RIMR,RMFR,3,122492
RIMR,SAADR,2,124605
RIMR,SAAVL,4,558381
RIMR,SAAVR,1,57270
RIMR,SMDDL,3,15338
RIMR,SMDDR,7,1052921
RIMR,SMDVL,5,261468
RIMR,SMDVR,4,1503477
RIPL,IL2VL,1,31732
RIPL,RMER,1,19790
RIPL,URAVL,1,30879
RIPR,URAVR,1,150400
RIR,ADFL,1,24756
RIR,AIYL,1,64438
RIR,AIYR,2,36645
RIR,AIZL,3,129180
RIR,AQR,2,95927
RIR,AUAR,1,17942
RIR,AVEL,1,155551
RIR,BAGL,3,469009
RIR,BAGR,6,624954
RIR,DVA,2,34849
RIR,RIAL,8,1032287
RIR,RIAR,3,389277
RIR,URXL,2,479586
RIS,AVEL,7,740664
RIS,AVER,11,917000
RIS,AVKL,3,33504
RIS,AVKR,1,54245
RIS,AVL,1,1081
RIS,CEPDL,2,336530
RIS,CEPDR,2,206990
RIS,CEPVL,1,151022
RIS,CEPVR,3,108700
RIS,CEPshDL,2,55462
RIS,CEPshVL,3,21804
RIS,OLQVL,1,24681
RIS,RIBL,9,1644393
RIS,RIBR,9,439241
RIS,RIH,1,9860
RIS,RIML,2,71698
RIS,RIMR,5,323889
RIS,RMDL,5,292998
RIS,RMDR,5,746740
RIS,RMED,5,391006
RIS,RMEL,1,385147
RIS,SMDDL,4,249300
RIS,SMDDR,3,363155
RIS,SMDVL,2,148419
RIS,SMDVR,2,97671
RIVL,BWM-VR05,1,9541
RIVL,BWM-VR07,4,492130
RIVL,GLRVR,2,108400
RIVL,PLNR,1,65668
RIVL,RIAL,1,62400
RIVL,RIH,2,54205
RIVL,RIVR,2,192557
RIVL,RMDVL,3,44424
RIVL,SAADR,2,933191
RIVL,SIAVR,1,4104
RIVL,SMBVR,1,95630
RIVL,exc_duct,1,4151
RIVR,BWM-VR07,1,89921
RIVR,GLRVR,1,12499
RIVR,PLNL,1,223527
RIVR,RIAL,1,173213
RIVR,RIAR,2,71423
RIVR,RIH,2,653881
RIVR,RIVL,1,80780
RIVR,RMDR,4,396434
RIVR,RMHL,1,29678
RIVR,SAADL,5,1479212
RIVR,SAAVR,2,18625
RIVR,SDQL,1,34661
RIVR,SIAVL,1,69900
RIVR,SMDDL,2,228137
RIVR,SMDDR,1,13743
RIVR,SMDVR,5,381166
RMDDL,BWM-DL03,1,4092
RMDDL,BWM-DL05,1,51220
RMDDL,BWM-DR01,7,1483210
RMDDL,BWM-DR02,5,449583
RMDDL,BWM-DR03,7,532324
RMDDL,BWM-DR04,4,960937
RMDDL,BWM-DR05,2,12195
RMDDL,RMDDR,1,780
RMDDL,RMDVR,6,2813471
RMDDL,RMED,2,174656
RMDDL,RMEL,1,48924
RMDDL,RMEV,1,14308
RMDDL,SMBDL,1,6197
RMDDL,URADR,2,164905
RMDDR,BWM-DL01,6,1246521
RMDDR,BWM-DL02,9,370126
RMDDR,BWM-DL03,5,1141903
RMDDR,BWM-DL04,9,461811
RMDDR,BWM-DL05,3,323583
RMDDR,GLRL,1,16826
RMDDR,IL1DL,1,618
RMDDR,IL1L,1,38315
RMDDR,RMDVL,7,2340719
RMDDR,RMGL,2,11934
RMDDR,SMBDR,1,7577
RMDDR,URADL,3,80069
RMDL,BWM-DR02,2,1002458
RMDL,BWM-DR04,3,598781
RMDL,BWM-VR02,1,510801
RMDL,BWM-VR04,2,80909
RMDL,BWM-VR06,1,52288
RMDL,BWM-VR08,1,273936
RMDL,CEPDR,1,211187
RMDL,IL1R,3,996172
RMDL,RIAL,4,1361133
RMDL,RIAR,5,761019
RMDL,RIML,2,114127
RMDL,RMDDL,2,76335
RMDL,RMDDR,2,99891
RMDL,RMDR,4,753200
RMDL,RMFL,3,418434
RMDL,RMHL,1,197327
RMDR,BWM-DL04,8,566989
RMDR,BWM-DL06,1,2254
RMDR,BWM-VL02,1,614413
RMDR,BWM-VL04,4,162587
RMDR,BWM-VL06,1,103948
RMDR,CEPVL,1,128856
RMDR,IL1L,2,681650
RMDR,RIAL,7,2133107
RMDR,RIAR,9,1724900
RMDR,RIMR,1,78932
RMDR,RIVR,1,88052
RMDR,RMDDL,2,158628
RMDR,RMDDR,2,199663
RMDR,RMDL,6,925792
RMDR,RMDVL,3,208766
RMDR,RMER,6,401188
RMDR,RMFR,4,582010
RMDR,RMGL,3,82183
RMDR,RMHR,2,368405
RMDR,SIBVL,2,205279
RMDVL,BWM-VL03,1,60848
RMDVL,BWM-VR01,3,387450
RMDVL,BWM-VR02,3,639517
RMDVL,BWM-VR03,3,352644
RMDVL,BWM-VR04,3,585870
RMDVL,BWM-VR05,4,168899
RMDVL,IL1R,1,103383
RMDVL,IL1VR,1,24601
RMDVL,RMDDR,9,1837588
RMDVL,RMDVR,1,16316
RMDVL,RMED,1,265514
RMDVL,SMDDL,1,46477
RMDVL,URAVL,1,142893
RMDVR,BWM-VL01,5,796179
RMDVR,BWM-VL02,2,605556
RMDVR,BWM-VL03,4,519983
RMDVR,BWM-VL04,3,516900
RMDVR,BWM-VL05,2,27931
RMDVR,BWM-VR01,1,44383
RMDVR,BWM-VR03,1,4111
RMDVR,IL1L,1,43373
RMDVR,IL1VL,2,229559
RMDVR,RMDDL,9,2197056
RMDVR,RMED,1,836
RMDVR,URAVL,1,8534
RMED,BWM-VL01,6,747751
RMED,BWM-VL03,3,261157
RMED,BWM-VR01,8,1864124
RMED,BWM-VR02,2,624190
RMED,BWM-VR03,1,251017
RMED,BWM-VR07,1,106623
RMED,RMDVL,12,1230681
RMED,RMDVR,5,580302
RMED,RMEL,3,160497
RMED,RMEV,1,1015
RMED,SMDDL,5,308312
RMED,SMDDR,4,402584
RMED,SMDVL,1,3454
RMED,SMDVR,1,9774
RMED,URAVL,1,1691
RMED,URAVR,6,338833
RMEL,BWM-DR02,14,3410988
RMEL,BWM-DR04,2,24384
RMEL,BWM-VR01,1,3796
RMEL,BWM-VR02,17,2656278
RMEL,GLRR,2,19193
RMEL,GLRVR,2,12890
RMEL,IL2VR,2,130337
RMEL,RMDDL,1,57883
RMEL,RMDR,2,232496
RMEL,RMHL,2,95657
RMEL,URADR,1,2460
RMEL,URAVR,2,139241
RMER,ADEL,1,7916
RMER,BWM-DL02,17,2612370
RMER,BWM-DL04,1,10002
RMER,BWM-VL02,16,2828900
RMER,BWM-VL04,2,102094
RMER,GLRVL,1,145830
RMER,IL2L,1,47206
RMER,RMDL,2,28553
RMER,RMFR,1,8143
RMER,URAVL,1,26588
RMEV,BWM-DL01,8,1730333
RMEV,BWM-DL03,4,405989
RMEV,BWM-DR01,4,1017482
RMEV,BWM-DR03,3,381219
RMEV,RMDDL,10,1917056
RMEV,RMDDR,2,96032
RMEV,RMED,1,4835
RMEV,RMEL,2,80324
RMEV,SMDVL,6,1035387
RMEV,SMDVR,5,788953
RMEV,URADR,2,57589
RMFL,AVKL,2,119588
RMFL,AVKR,6,855415
RMFL,AVL,1,52087
RMFL,BWM-DR02,7,450376
RMFL,BWM-DR04,3,195271
RMFL,BWM-VR02,5,309265
RMFL,BWM-VR04,2,104269
RMFL,CEPshVR,1,30357
RMFL,PVT,3,62924
RMFL,RIH,1,60491
RMFL,RMDL,4,190866
RMFL,RMDR,12,2228020
RMFL,RMGR,2,532351
RMFL,RMHL,5,586013
RMFL,SAADL,1,21109
RMFR,AVKR,1,19200
RMFR,BWM-DL02,5,564861
RMFR,BWM-DL04,4,659117
RMFR,BWM-VL02,2,196931
RMFR,BWM-VL04,1,20391
RMFR,IL1L,2,223581
RMFR,RMDL,10,1064075
RMFR,RMDR,3,63139
RMFR,RMER,3,67513
RMFR,RMGL,5,247100
RMFR,RMHR,9,703691
RMGL,AVAL,1,7029
RMGL,AVDR,1,78795
RMGL,AVEL,2,126349
RMGL,AVJR,2,245786
RMGL,BWM-DL04,1,270523
RMGL,BWM-DL06,1,58277
RMGL,BWM-VL04,6,641587
RMGL,BWM-VL06,7,782587
RMGL,PLNL,1,6213
RMGL,RIAR,1,9352
RMGL,RID,1,66010
RMGL,RIMR,1,2662
RMGL,RMDL,2,94959
RMGL,RMDR,4,478017
RMGL,RMDVL,2,630498
RMGL,RMDVR,1,126615
RMGL,RMFR,1,51664
RMGL,RMHL,2,247079
RMGR,AIBL,1,161691
RMGR,AVBR,1,33637
RMGR,AVER,1,94183
RMGR,BWM-DR04,3,196959
RMGR,BWM-DR06,2,21277
RMGR,BWM-DR08,2,14875
RMGR,BWM-VR04,5,364462
RMGR,BWM-VR06,2,64262
RMGR,PVCR,1,81780
RMGR,RIAL,1,4853
RMGR,RMDL,4,335690
RMGR,RMDVL,1,78708
RMGR,RMDVR,3,277229
RMGR,RMFL,1,6495
RMGR,SAADL,2,254867
RMGR,SIBVR,1,48127
RMGR,SMDVL,1,469705
RMHL,AVAL,1,120917
RMHL,AVAR,1,3757
RMHL,BWM-DR02,6,363591
RMHL,BWM-VR02,5,277155
RMHL,CEPDR,1,4679
RMHL,IL1DR,1,46591
RMHL,IL1R,4,161678
RMHL,RICL,2,283663
RMHL,RICR,1,94434
RMHL,RMDDL,2,10420
RMHL,RMDR,8,927850
RMHL,RMDVL,2,68097
RMHL,RMDVR,2,24324
RMHL,RMEL,1,2183
RMHL,RMFL,3,324753
RMHL,SIBVR,1,82024
RMHL,SMDDR,2,29969
RMHL,URADR,1,37914
RMHR,ADEL,1,30341
RMHR,BWM-DL02,5,1027061
RMHR,BWM-VL02,7,928043
RMHR,IL1L,3,49499
RMHR,RMDDL,1,58871
RMHR,RMDDR,2,54116
RMHR,RMDL,8,765945
RMHR,RMDR,2,259792
RMHR,RMDVL,1,42650
RMHR,RMER,1,53378
RMHR,RMFR,3,389507
RMHR,RMHL,1,124000
SAADL,ADAR,1,11649
SAADL,AIBL,2,56157
SAADL,AVAL,3,585719
SAADL,AVAR,1,131722
SAADL,AVDL,2,43643
SAADL,OLLR,4,156657
SAADL,RIML,5,950775
SAADL,RIMR,4,765248
SAADL,RMFR,4,146496
SAADL,RMGR,1,123358
SAADL,SAADR,2,24106
SAADL,SIAVR,1,29271
SAADR,AIBR,1,998
SAADR,AVAL,2,214120
SAADR,AVAR,3,268477
SAADR,RID,3,304998
SAADR,RIML,2,65613
SAADR,RIMR,3,101076
SAADR,RMFL,3,328636
SAADR,RMGL,2,126482
SAAVL,ADAR,1,7831
SAAVL,AVAL,8,800285
SAAVL,RIML,2,179633
SAAVL,RIMR,4,221518
SAAVL,RMFR,1,5969
SAAVL,SMDDR,5,233551
SAAVL,SMDVL,1,236813
SAAVR,AVAR,9,1027857
SAAVR,RIML,3,175483
SAAVR,RIMR,5,314365
SAAVR,RMFL,2,51141
SAAVR,SMBDL,1,4638
SAAVR,SMDDL,6,442516
SDQL,AIBR,2,195448
SDQL,AVAR,1,71955
SDQL,AVER,1,167238
SDQL,RIS,1,562400
SDQL,SMDDL,1,116560
SDQR,ADAL,1,143717
SDQR,AVBL,1,345939
SDQR,AVBR,2,515055
SDQR,DVA,2,283565
SDQR,RICL,1,12224
SDQR,SDQL,1,71500
SMBDL,ADAL,1,204000
SMBDL,ADAR,1,85216
SMBDL,AVBR,1,165055
SMBDL,AVJL,1,16129
SMBDL,BWM-DL05,1,26600
SMBDL,BWM-DR01,3,427182
SMBDL,BWM-DR02,3,72749
SMBDL,BWM-DR03,8,1251468
SMBDL,BWM-DR04,3,717217
SMBDL,BWM-DR05,8,721955
SMBDL,BWM-DR07,9,1020923
SMBDL,BWM-DR08,1,37603
SMBDL,CEPDR,3,426735
SMBDL,CEPshDL,1,37450
SMBDL,GLRDL,1,4200
SMBDL,GLRDR,1,41941
SMBDL,GLRR,1,36638
SMBDL,OLQDR,3,67089
SMBDL,RICR,1,2008
SMBDL,RMDDL,7,242579
SMBDL,RMED,11,2055774
SMBDL,RMHL,1,33506
SMBDL,SAAVR,3,802509
SMBDL,SIBDL,1,11500
SMBDL,SIBVL,1,76787
SMBDL,SIBVR,1,1205
SMBDL,SMBDR,1,28700
SMBDL,SMDDL,1,34085
SMBDR,BWM-DL01,2,894486
SMBDR,BWM-DL02,2,90832
SMBDR,BWM-DL03,2,2566376
SMBDR,BWM-DL04,2,455933
SMBDR,BWM-DL05,7,1393016
SMBDR,BWM-DL07,1,562754
SMBDR,BWM-DL08,1,64895
SMBDR,CEPDL,3,383696
SMBDR,GLRDL,2,96449
SMBDR,GLRL,2,34683
SMBDR,RIVR,1,36659
SMBDR,RMDDR,4,284332
SMBDR,RMDVL,1,88400
SMBDR,RMED,7,2617748
SMBDR,SAAVL,3,552141
SMBVL,BWM-VL01,2,636284
SMBVL,BWM-VL02,1,40683
SMBVL,BWM-VL03,3,478007
SMBVL,BWM-VL04,2,138630
SMBVL,BWM-VL05,4,360480
SMBVL,BWM-VL06,1,48088
SMBVL,BWM-VL07,2,108975
SMBVL,CEPVL,2,116061
SMBVL,GLRL,1,29426
SMBVL,GLRVL,1,8690
SMBVL,RMDVR,1,36490
SMBVL,RMEV,5,304588
SMBVL,SAADL,4,545600
SMBVR,BWM-VR01,2,699078
SMBVR,BWM-VR02,1,128013
SMBVR,BWM-VR03,3,1004677
SMBVR,BWM-VR04,1,265239
SMBVR,BWM-VR05,3,420639
SMBVR,BWM-VR07,1,64701
SMBVR,BWM-VR08,1,59642
SMBVR,CEPVR,2,161620
SMBVR,CEPshVR,1,23796
SMBVR,GLRR,1,22305
SMBVR,RMEV,5,826087
SMBVR,SAADR,4,717004
SMDDL,AVEL,1,143097
SMDDL,BWM-DL03,1,13176
SMDDL,BWM-DR01,3,293943
SMDDL,BWM-DR03,3,575081
SMDDL,BWM-DR05,3,464377
SMDDL,BWM-VL01,1,7593
SMDDL,CEPDR,4,566033
SMDDL,IL1DR,1,38590
SMDDL,RIAL,10,3227892
SMDDL,RIAR,2,907782
SMDDL,RICL,1,143790
SMDDL,RIML,1,13810
SMDDL,RIS,2,39390
SMDDL,RMDR,1,101808
SMDDL,RMED,2,292948
SMDDL,RMEV,1,134829
SMDDL,SMBDL,1,111230
SMDDL,SMDDR,1,7027
SMDDL,SMDVR,5,638406
SMDDR,AVER,1,4498
SMDDR,BWM-DL03,1,11212
SMDDR,BWM-DL05,3,165772
SMDDR,BWM-DR01,1,951
SMDDR,BWM-DR03,2,473058
SMDDR,CEPDL,4,294722
SMDDR,RIAL,13,3262641
SMDDR,RIAR,5,506517
SMDDR,RIS,1,153102
SMDDR,RMDR,1,102592
SMDDR,RMEV,2,250742
SMDDR,RMFR,1,10082
SMDDR,SIADR,3,21704
SMDDR,SMDVL,5,536008
SMDVL,BWM-DL01,1,119938
SMDVL,BWM-VL01,1,57923
SMDVL,BWM-VR01,2,125134
SMDVL,BWM-VR03,2,138883
SMDVL,CEPVR,2,5446
SMDVL,RIAL,6,1474705
SMDVL,RIAR,7,1583767
SMDVL,RMED,1,3875
SMDVL,RMEV,1,13662
SMDVL,SMDDR,10,678267
SMDVR,BWM-VL01,6,604128
SMDVR,BWM-VL03,4,185143
SMDVR,CEPVL,2,18179
SMDVR,RIAL,4,1744979
SMDVR,RIAR,8,1873889
SMDVR,RIVR,1,6248
SMDVR,RMED,4,875022
SMDVR,SMDDL,10,993214
URADL,BWM-DL01,4,330054
URADL,BWM-DL02,5,369975
URADL,IL1DL,5,1213050
URADL,RIPL,2,311921
URADL,RMDVL,2,356760
URADL,RMEL,2,256293
URADL,RMEV,1,347
URADR,BWM-DR01,3,453824
URADR,BWM-DR02,3,535896
URADR,BWM-DR03,1,47892
URADR,IL1DR,1,6214
URADR,RIPR,2,448707
URADR,RMDDL,2,230277
URADR,RMDVR,1,10501
URADR,RMED,2,499144
URADR,RMEL,1,58508
URADR,RMER,3,369838
URAVL,BWM-VL01,3,372309
URAVL,BWM-VL02,5,755458
URAVL,BWM-VL03,1,37437
URAVL,CEPshVL,1,46206
URAVL,IL1L,2,28564
URAVL,IL1VL,4,213748
URAVL,RIPL,3,230619
URAVL,RMDDL,3,509386
URAVL,RMDVR,4,176356
URAVL,RMED,2,30698
URAVL,RMEL,1,350905
URAVL,RMEV,6,719419
URAVL,SMDDL,1,162684
URAVL,URYVL,1,7810
URAVR,BWM-VR01,6,923928
URAVR,BWM-VR02,6,1008576
URAVR,IL1R,1,299394
URAVR,IL1VR,3,57532
URAVR,IL2VR,2,150985
URAVR,RIPR,3,350973
URAVR,RMED,1,29406
URAVR,RMEL,1,11080
URAVR,RMER,2,400518
URAVR,RMEV,2,804408
URBL,ADAL,1,61346
URBL,ADEL,2,242559
URBL,AIML,1,208696
URBL,AVBL,3,735454
URBL,AVDL,1,42437
URBL,CEPDL,1,116000
URBL,CEPVL,1,71414
URBL,IL2L,2,230912
URBL,RICL,1,131328
URBL,RMDL,5,2049576
URBL,RMDR,1,13375
URBL,RMFR,3,171615
URBL,RMHR,2,107333
URBL,SMBDR,1,102895
URBL,URADL,1,328416
URBL,URYDL,2,126644
URBR,ADAR,1,128357
URBR,ADER,1,111879
URBR,AIMR,2,971733
URBR,ASJR,1,26486
URBR,AVAR,1,21075
URBR,AVBR,4,1001442
URBR,AVFL,2,58920
URBR,AVFR,1,42785
URBR,CEPDR,1,21778
URBR,IL2R,1,36800
URBR,OLLR,1,16467
URBR,RIPR,1,3745
URBR,RMDR,6,835402
URBR,RMER,2,139100
URBR,RMHL,4,22319
URBR,SMBDL,1,22003
URBR,SMBVR,1,15276
URBR,URADR,3,703071
URBR,URAVR,2,236562
URXL,ADAL,1,43144
URXL,ADFL,1,10313
URXL,ALML,1,247483
URXL,AUAL,6,752541
URXL,AVEL,1,1304114
URXL,CEPVL,1,91270
URXL,IL1L,2,187629
URXL,IL2L,1,54554
URXL,PVPL,4,53340
URXL,RIAL,14,1146120
URXL,RICR,1,37656
URXL,RIGL,11,2055443
URXL,RIR,2,54089
URXL,RMGL,1,35104
URXR,ALMR,1,30918
URXR,AUAR,9,549335
URXR,AVER,2,382756
URXR,IL1R,2,23812
URXR,RIAR,16,1018736
URXR,RIGR,9,2692729
URXR,RIR,1,24000
URXR,RMGR,2,29714
URYDL,ADAL,2,33682
URYDL,AVAR,1,40080
URYDL,AVBL,1,130797
URYDL,AVDL,3,320321
URYDL,AVER,1,45599
URYDL,RIML,1,34480
URYDL,RMDDR,1,69145
URYDL,RMDVL,2,140698
URYDL,SIBDR,1,1440
URYDL,SMDDR,1,58401
URYDL,URADL,1,8557
URYDR,AIBL,1,7673
URYDR,AVBL,1,142924
URYDR,AVEL,2,275922
URYDR,CEPshDR,1,7111
URYDR,RICR,1,20363
URYDR,RIGR,1,81127
URYDR,RMDDL,1,67452
URYDR,RMDVR,2,247037
URYDR,SIBDL,1,13512
URYDR,SMDDL,2,308815
URYDR,URADR,1,33663
URYVL,AVAR,2,233941
URYVL,AVER,1,4316
URYVL,CEPshVL,2,24946
URYVL,IL1VL,1,14146
URYVL,IL2VL,1,33661
URYVL,RICR,1,116240
URYVL,RIH,1,41440
URYVL,RMDDL,4,466698
URYVL,RMDVR,2,201979
URYVL,RMEV,1,65614
URYVL,SAADL,1,94619
URYVR,AVAL,2,311427
URYVR,AVAR,1,9053
URYVR,AVBL,3,389242
URYVR,AVBR,1,6490
URYVR,AVDL,2,251696
URYVR,AVEL,1,54239
URYVR,DVC,1,40555
URYVR,IL1VR,2,177481
URYVR,IL2VR,2,49736
URYVR,RIBR,1,8464
URYVR,RICL,1,35166
URYVR,RIH,1,128000
URYVR,RIMR,1,8972
URYVR,RMDDR,2,82680
URYVR,SAADR,2,233201
